ID,Name,NIC,Address,Subject,"Grievance Description","Contact Number",Province,District,DSD,GND,ASC,"Cascade Name","Tank Name","Sub Project Name","Sub Project GN Division","Date Received"
1,SARP123,sasasaas,asdasdasd,Engineering,asdadasdasdasdasdasdasd,0760710380,asdasd,asdasasd,asdasdad,asdadasd,asdasdas,asdasd,asdasd,asdasd,asasd,2024-08-14
2,SARP321,sasasaas,asdasdasd,Engineering,uiibibqblqkwbe,0760710380,asdasd,asdasasd,asdasdad,asdadasd,asdasdas,asdasd,asdasd,asdasd,asasd,2024-08-14
3,SARP222,sasasaas,asdasdasd,Engineering,knasdknalsndlasndlasdlansdl,0760710380,asdasd,asdasasd,asdasdad,asdadasd,asdasdas,asdasd,asdasd,asdasd,asasd,2024-08-14
4,SARP222,sasasaas,asdasdasd,Engineering,qqqqqqqqqqqqqqqqqqqqqq,0760710380,asdasd,asdasasd,asdasdad,asdadasd,asdasdas,asdasd,asdasd,asdasd,asasd,2024-08-14
5,SARP222,sasasaas,asdasdasd,"Agriculture & Livestock",daadsssssssssssssssssssss,0760710380,asdasd,asdasasd,asdasdad,asdadasd,asdasdas,asdasd,asdasd,asdasd,asasd,2024-08-14
6,SARP333,sasasaas,asdasdasd,Engineering,kajbsdkabsd,0760710380,asdasd,asdasasd,asdasdad,asdadasd,asdasdas,asdasd,asdasd,asdasd,asasd,2024-08-18
7,"Ravindu Chamara balasooriya balasooriya",200,"New Kandy Road & Sausiri Uyana, Malabe North, Sri Lanka",Engineering,lll,0782211457,6,2,11,34,Thantimale,"Kardan Kulam",aaa,asd,hjk,2024-10-10
8,"Tharushi Nimesha",997867112V,"492/1,Weboda West , Weboda.",Environment,jhkjkll,0778289132,6,2,28,33,Athakada,"malvatu m̆baya","Nika wewa",ytuy,tytu,2024-10-16
9,SARP123,sasasaas,asdasdasd,Engineering,asdadasdasdasdasdasdasd,0760710380,asdasd,asdasasd,asdasdad,asdadasd,asdasdas,asdasd,asdasd,asdasd,asasd,2024-10-16
10,SARP321,sasasaas,asdasdasd,Engineering,uiibibqblqkwbe,0760710380,asdasd,asdasasd,asdasdad,asdadasd,asdasdas,asdasd,asdasd,asdasd,asasd,2024-10-16
11,SARP222,sasasaas,asdasdasd,Engineering,knasdknalsndlasndlasdlansdl,0760710380,asdasd,asdasasd,asdasdad,asdadasd,asdasdas,asdasd,asdasd,asdasd,asasd,2024-10-16
12,SARP222,sasasaas,asdasdasd,Engineering,qqqqqqqqqqqqqqqqqqqqqq,0760710380,asdasd,asdasasd,asdasdad,asdadasd,asdasdas,asdasd,asdasd,asdasd,asasd,2024-10-16
13,SARP222,sasasaas,asdasdasd,"Agriculture & Livestock",daadsssssssssssssssssssss,0760710380,asdasd,asdasasd,asdasdad,asdadasd,asdasdas,asdasd,asdasd,asdasd,asasd,2024-10-16
14,SARP333,sasasaas,asdasdasd,Engineering,kajbsdkabsd,0760710380,asdasd,asdasasd,asdasdad,asdadasd,asdasdas,asdasd,asdasd,asdasd,asasd,2024-10-16
15,"Ravindu Chamara balasooriya balasooriya",200,"New Kandy Road & Sausiri Uyana, Malabe North, Sri Lanka",Engineering,lll,0782211457,6,2,11,34,Thantimale,"Kardan Kulam",aaa,asd,hjk,2024-10-16
16,"Tharushi Nimesha",997867112V,"492/1,Weboda West , Weboda.",Environment,jhkjkll,0778289132,6,2,28,33,Athakada,"malvatu m̆baya","Nika wewa",ytuy,tytu,2024-10-16
17,SARP123,sasasaas,asdasdasd,Engineering,asdadasdasdasdasdasdasd,0760710380,asdasd,asdasasd,asdasdad,asdadasd,asdasdas,asdasd,asdasd,asdasd,asasd,2024-10-16
18,SARP321,sasasaas,asdasdasd,Engineering,uiibibqblqkwbe,0760710380,asdasd,asdasasd,asdasdad,asdadasd,asdasdas,asdasd,asdasd,asdasd,asasd,2024-10-16
19,SARP222,sasasaas,asdasdasd,Engineering,knasdknalsndlasndlasdlansdl,0760710380,asdasd,asdasasd,asdasdad,asdadasd,asdasdas,asdasd,asdasd,asdasd,asasd,2024-10-16
20,SARP222,sasasaas,asdasdasd,Engineering,qqqqqqqqqqqqqqqqqqqqqq,0760710380,asdasd,asdasasd,asdasdad,asdadasd,asdasdas,asdasd,asdasd,asdasd,asasd,2024-10-16
21,SARP222,sasasaas,asdasdasd,"Agriculture & Livestock",daadsssssssssssssssssssss,0760710380,asdasd,asdasasd,asdasdad,asdadasd,asdasdas,asdasd,asdasd,asdasd,asasd,2024-10-16
22,SARP333,sasasaas,asdasdasd,Engineering,kajbsdkabsd,0760710380,asdasd,asdasasd,asdasdad,asdadasd,asdasdas,asdasd,asdasd,asdasd,asasd,2024-10-16
23,"Ravindu Chamara balasooriya balasooriya",200,"New Kandy Road & Sausiri Uyana, Malabe North, Sri Lanka",Engineering,lll,0782211457,6,2,11,34,Thantimale,"Kardan Kulam",aaa,asd,hjk,2024-10-16
24,"Tharushi Nimesha",997867112V,"492/1,Weboda West , Weboda.",Environment,jhkjkll,0778289132,6,2,28,33,Athakada,"malvatu m̆baya","Nika wewa",ytuy,tytu,2024-10-16
25,SARP123,sasasaas,asdasdasd,Engineering,asdadasdasdasdasdasdasd,0760710380,asdasd,asdasasd,asdasdad,asdadasd,asdasdas,asdasd,asdasd,asdasd,asasd,2024-10-16
26,SARP321,sasasaas,asdasdasd,Engineering,uiibibqblqkwbe,0760710380,asdasd,asdasasd,asdasdad,asdadasd,asdasdas,asdasd,asdasd,asdasd,asasd,2024-10-16
27,SARP222,sasasaas,asdasdasd,Engineering,knasdknalsndlasndlasdlansdl,0760710380,asdasd,asdasasd,asdasdad,asdadasd,asdasdas,asdasd,asdasd,asdasd,asasd,2024-10-16
28,SARP222,sasasaas,asdasdasd,Engineering,qqqqqqqqqqqqqqqqqqqqqq,0760710380,asdasd,asdasasd,asdasdad,asdadasd,asdasdas,asdasd,asdasd,asdasd,asasd,2024-10-16
29,SARP222,sasasaas,asdasdasd,"Agriculture & Livestock",daadsssssssssssssssssssss,0760710380,asdasd,asdasasd,asdasdad,asdadasd,asdasdas,asdasd,asdasd,asdasd,asasd,2024-10-16
30,SARP333,sasasaas,asdasdasd,Engineering,kajbsdkabsd,0760710380,asdasd,asdasasd,asdasdad,asdadasd,asdasdas,asdasd,asdasd,asdasd,asasd,2024-10-16
31,"Ravindu Chamara balasooriya balasooriya",200,"New Kandy Road & Sausiri Uyana, Malabe North, Sri Lanka",Engineering,lll,0782211457,6,2,11,34,Thantimale,"Kardan Kulam",aaa,asd,hjk,2024-10-16
32,"Tharushi Nimesha",997867112V,"492/1,Weboda West , Weboda.",Environment,jhkjkll,0778289132,6,2,28,33,Athakada,"malvatu m̆baya","Nika wewa",ytuy,tytu,2024-10-16
33,SARP123,sasasaas,asdasdasd,Engineering,asdadasdasdasdasdasdasd,0760710380,asdasd,asdasasd,asdasdad,asdadasd,asdasdas,asdasd,asdasd,asdasd,asasd,2024-10-16
34,SARP321,sasasaas,asdasdasd,Engineering,uiibibqblqkwbe,0760710380,asdasd,asdasasd,asdasdad,asdadasd,asdasdas,asdasd,asdasd,asdasd,asasd,2024-10-16
35,SARP222,sasasaas,asdasdasd,Engineering,knasdknalsndlasndlasdlansdl,0760710380,asdasd,asdasasd,asdasdad,asdadasd,asdasdas,asdasd,asdasd,asdasd,asasd,2024-10-16
36,SARP222,sasasaas,asdasdasd,Engineering,qqqqqqqqqqqqqqqqqqqqqq,0760710380,asdasd,asdasasd,asdasdad,asdadasd,asdasdas,asdasd,asdasd,asdasd,asasd,2024-10-16
37,SARP222,sasasaas,asdasdasd,"Agriculture & Livestock",daadsssssssssssssssssssss,0760710380,asdasd,asdasasd,asdasdad,asdadasd,asdasdas,asdasd,asdasd,asdasd,asasd,2024-10-16
38,SARP333,sasasaas,asdasdasd,Engineering,kajbsdkabsd,0760710380,asdasd,asdasasd,asdasdad,asdadasd,asdasdas,asdasd,asdasd,asdasd,asasd,2024-10-16
39,"Ravindu Chamara balasooriya balasooriya",200,"New Kandy Road & Sausiri Uyana, Malabe North, Sri Lanka",Engineering,lll,0782211457,6,2,11,34,Thantimale,"Kardan Kulam",aaa,asd,hjk,2024-10-16
40,"Tharushi Nimesha",997867112V,"492/1,Weboda West , Weboda.",Environment,jhkjkll,0778289132,6,2,28,33,Athakada,"malvatu m̆baya","Nika wewa",ytuy,tytu,2024-10-16
41,SARP123,sasasaas,asdasdasd,Engineering,asdadasdasdasdasdasdasd,0760710380,asdasd,asdasasd,asdasdad,asdadasd,asdasdas,asdasd,asdasd,asdasd,asasd,2024-10-16
42,SARP321,sasasaas,asdasdasd,Engineering,uiibibqblqkwbe,0760710380,asdasd,asdasasd,asdasdad,asdadasd,asdasdas,asdasd,asdasd,asdasd,asasd,2024-10-16
43,SARP222,sasasaas,asdasdasd,Engineering,knasdknalsndlasndlasdlansdl,0760710380,asdasd,asdasasd,asdasdad,asdadasd,asdasdas,asdasd,asdasd,asdasd,asasd,2024-10-16
44,SARP222,sasasaas,asdasdasd,Engineering,qqqqqqqqqqqqqqqqqqqqqq,0760710380,asdasd,asdasasd,asdasdad,asdadasd,asdasdas,asdasd,asdasd,asdasd,asasd,2024-10-16
45,SARP222,sasasaas,asdasdasd,"Agriculture & Livestock",daadsssssssssssssssssssss,0760710380,asdasd,asdasasd,asdasdad,asdadasd,asdasdas,asdasd,asdasd,asdasd,asasd,2024-10-16
46,SARP333,sasasaas,asdasdasd,Engineering,kajbsdkabsd,0760710380,asdasd,asdasasd,asdasdad,asdadasd,asdasdas,asdasd,asdasd,asdasd,asasd,2024-10-16
47,"Ravindu Chamara balasooriya balasooriya",200,"New Kandy Road & Sausiri Uyana, Malabe North, Sri Lanka",Engineering,lll,0782211457,6,2,11,34,Thantimale,"Kardan Kulam",aaa,asd,hjk,2024-10-16
48,"Tharushi Nimesha",997867112V,"492/1,Weboda West , Weboda.",Environment,jhkjkll,0778289132,6,2,28,33,Athakada,"malvatu m̆baya","Nika wewa",ytuy,tytu,2024-10-16
49,SARP123,sasasaas,asdasdasd,Engineering,asdadasdasdasdasdasdasd,0760710380,asdasd,asdasasd,asdasdad,asdadasd,asdasdas,asdasd,asdasd,asdasd,asasd,2024-10-16
50,SARP321,sasasaas,asdasdasd,Engineering,uiibibqblqkwbe,0760710380,asdasd,asdasasd,asdasdad,asdadasd,asdasdas,asdasd,asdasd,asdasd,asasd,2024-10-16
51,SARP222,sasasaas,asdasdasd,Engineering,knasdknalsndlasndlasdlansdl,0760710380,asdasd,asdasasd,asdasdad,asdadasd,asdasdas,asdasd,asdasd,asdasd,asasd,2024-10-16
52,SARP222,sasasaas,asdasdasd,Engineering,qqqqqqqqqqqqqqqqqqqqqq,0760710380,asdasd,asdasasd,asdasdad,asdadasd,asdasdas,asdasd,asdasd,asdasd,asasd,2024-10-16
53,SARP222,sasasaas,asdasdasd,"Agriculture & Livestock",daadsssssssssssssssssssss,0760710380,asdasd,asdasasd,asdasdad,asdadasd,asdasdas,asdasd,asdasd,asdasd,asasd,2024-10-16
54,SARP333,sasasaas,asdasdasd,Engineering,kajbsdkabsd,0760710380,asdasd,asdasasd,asdasdad,asdadasd,asdasdas,asdasd,asdasd,asdasd,asasd,2024-10-16
55,"Ravindu Chamara balasooriya balasooriya",200,"New Kandy Road & Sausiri Uyana, Malabe North, Sri Lanka",Engineering,lll,0782211457,6,2,11,34,Thantimale,"Kardan Kulam",aaa,asd,hjk,2024-10-16
56,"Tharushi Nimesha",997867112V,"492/1,Weboda West , Weboda.",Environment,jhkjkll,0778289132,6,2,28,33,Athakada,"malvatu m̆baya","Nika wewa",ytuy,tytu,2024-10-16
57,SARP123,sasasaas,asdasdasd,Engineering,asdadasdasdasdasdasdasd,0760710380,asdasd,asdasasd,asdasdad,asdadasd,asdasdas,asdasd,asdasd,asdasd,asasd,2024-10-16
58,SARP321,sasasaas,asdasdasd,Engineering,uiibibqblqkwbe,0760710380,asdasd,asdasasd,asdasdad,asdadasd,asdasdas,asdasd,asdasd,asdasd,asasd,2024-10-16
59,SARP222,sasasaas,asdasdasd,Engineering,knasdknalsndlasndlasdlansdl,0760710380,asdasd,asdasasd,asdasdad,asdadasd,asdasdas,asdasd,asdasd,asdasd,asasd,2024-10-16
60,SARP222,sasasaas,asdasdasd,Engineering,qqqqqqqqqqqqqqqqqqqqqq,0760710380,asdasd,asdasasd,asdasdad,asdadasd,asdasdas,asdasd,asdasd,asdasd,asasd,2024-10-16
61,SARP222,sasasaas,asdasdasd,"Agriculture & Livestock",daadsssssssssssssssssssss,0760710380,asdasd,asdasasd,asdasdad,asdadasd,asdasdas,asdasd,asdasd,asdasd,asasd,2024-10-16
62,SARP333,sasasaas,asdasdasd,Engineering,kajbsdkabsd,0760710380,asdasd,asdasasd,asdasdad,asdadasd,asdasdas,asdasd,asdasd,asdasd,asasd,2024-10-16
63,"Ravindu Chamara balasooriya balasooriya",200,"New Kandy Road & Sausiri Uyana, Malabe North, Sri Lanka",Engineering,lll,0782211457,6,2,11,34,Thantimale,"Kardan Kulam",aaa,asd,hjk,2024-10-16
64,"Tharushi Nimesha",997867112V,"492/1,Weboda West , Weboda.",Environment,jhkjkll,0778289132,6,2,28,33,Athakada,"malvatu m̆baya","Nika wewa",ytuy,tytu,2024-10-16
65,SARP123,sasasaas,asdasdasd,Engineering,asdadasdasdasdasdasdasd,0760710380,asdasd,asdasasd,asdasdad,asdadasd,asdasdas,asdasd,asdasd,asdasd,asasd,2024-10-16
66,SARP321,sasasaas,asdasdasd,Engineering,uiibibqblqkwbe,0760710380,asdasd,asdasasd,asdasdad,asdadasd,asdasdas,asdasd,asdasd,asdasd,asasd,2024-10-16
67,SARP222,sasasaas,asdasdasd,Engineering,knasdknalsndlasndlasdlansdl,0760710380,asdasd,asdasasd,asdasdad,asdadasd,asdasdas,asdasd,asdasd,asdasd,asasd,2024-10-16
68,SARP222,sasasaas,asdasdasd,Engineering,qqqqqqqqqqqqqqqqqqqqqq,0760710380,asdasd,asdasasd,asdasdad,asdadasd,asdasdas,asdasd,asdasd,asdasd,asasd,2024-10-16
69,SARP222,sasasaas,asdasdasd,"Agriculture & Livestock",daadsssssssssssssssssssss,0760710380,asdasd,asdasasd,asdasdad,asdadasd,asdasdas,asdasd,asdasd,asdasd,asasd,2024-10-16
70,SARP333,sasasaas,asdasdasd,Engineering,kajbsdkabsd,0760710380,asdasd,asdasasd,asdasdad,asdadasd,asdasdas,asdasd,asdasd,asdasd,asasd,2024-10-16
71,"Ravindu Chamara balasooriya balasooriya",200,"New Kandy Road & Sausiri Uyana, Malabe North, Sri Lanka",Engineering,lll,0782211457,6,2,11,34,Thantimale,"Kardan Kulam",aaa,asd,hjk,2024-10-16
72,"Tharushi Nimesha",997867112V,"492/1,Weboda West , Weboda.",Environment,jhkjkll,0778289132,6,2,28,33,Athakada,"malvatu m̆baya","Nika wewa",ytuy,tytu,2024-10-16
73,SARP123,sasasaas,asdasdasd,Engineering,asdadasdasdasdasdasdasd,0760710380,asdasd,asdasasd,asdasdad,asdadasd,asdasdas,asdasd,asdasd,asdasd,asasd,2024-10-16
74,SARP321,sasasaas,asdasdasd,Engineering,uiibibqblqkwbe,0760710380,asdasd,asdasasd,asdasdad,asdadasd,asdasdas,asdasd,asdasd,asdasd,asasd,2024-10-16
75,SARP222,sasasaas,asdasdasd,Engineering,knasdknalsndlasndlasdlansdl,0760710380,asdasd,asdasasd,asdasdad,asdadasd,asdasdas,asdasd,asdasd,asdasd,asasd,2024-10-16
76,SARP222,sasasaas,asdasdasd,Engineering,qqqqqqqqqqqqqqqqqqqqqq,0760710380,asdasd,asdasasd,asdasdad,asdadasd,asdasdas,asdasd,asdasd,asdasd,asasd,2024-10-16
77,SARP222,sasasaas,asdasdasd,"Agriculture & Livestock",daadsssssssssssssssssssss,0760710380,asdasd,asdasasd,asdasdad,asdadasd,asdasdas,asdasd,asdasd,asdasd,asasd,2024-10-16
78,SARP333,sasasaas,asdasdasd,Engineering,kajbsdkabsd,0760710380,asdasd,asdasasd,asdasdad,asdadasd,asdasdas,asdasd,asdasd,asdasd,asasd,2024-10-16
79,"Ravindu Chamara balasooriya balasooriya",200,"New Kandy Road & Sausiri Uyana, Malabe North, Sri Lanka",Engineering,lll,0782211457,6,2,11,34,Thantimale,"Kardan Kulam",aaa,asd,hjk,2024-10-16
80,"Tharushi Nimesha",997867112V,"492/1,Weboda West , Weboda.",Environment,jhkjkll,0778289132,6,2,28,33,Athakada,"malvatu m̆baya","Nika wewa",ytuy,tytu,2024-10-16
81,SARP123,sasasaas,asdasdasd,Engineering,asdadasdasdasdasdasdasd,0760710380,asdasd,asdasasd,asdasdad,asdadasd,asdasdas,asdasd,asdasd,asdasd,asasd,2024-10-16
82,SARP321,sasasaas,asdasdasd,Engineering,uiibibqblqkwbe,0760710380,asdasd,asdasasd,asdasdad,asdadasd,asdasdas,asdasd,asdasd,asdasd,asasd,2024-10-16
83,SARP222,sasasaas,asdasdasd,Engineering,knasdknalsndlasndlasdlansdl,0760710380,asdasd,asdasasd,asdasdad,asdadasd,asdasdas,asdasd,asdasd,asdasd,asasd,2024-10-16
84,SARP222,sasasaas,asdasdasd,Engineering,qqqqqqqqqqqqqqqqqqqqqq,0760710380,asdasd,asdasasd,asdasdad,asdadasd,asdasdas,asdasd,asdasd,asdasd,asasd,2024-10-16
85,SARP222,sasasaas,asdasdasd,"Agriculture & Livestock",daadsssssssssssssssssssss,0760710380,asdasd,asdasasd,asdasdad,asdadasd,asdasdas,asdasd,asdasd,asdasd,asasd,2024-10-16
86,SARP333,sasasaas,asdasdasd,Engineering,kajbsdkabsd,0760710380,asdasd,asdasasd,asdasdad,asdadasd,asdasdas,asdasd,asdasd,asdasd,asasd,2024-10-16
87,"Ravindu Chamara balasooriya balasooriya",200,"New Kandy Road & Sausiri Uyana, Malabe North, Sri Lanka",Engineering,lll,0782211457,6,2,11,34,Thantimale,"Kardan Kulam",aaa,asd,hjk,2024-10-16
88,"Tharushi Nimesha",997867112V,"492/1,Weboda West , Weboda.",Environment,jhkjkll,0778289132,6,2,28,33,Athakada,"malvatu m̆baya","Nika wewa",ytuy,tytu,2024-10-16
89,SARP123,sasasaas,asdasdasd,Engineering,asdadasdasdasdasdasdasd,0760710380,asdasd,asdasasd,asdasdad,asdadasd,asdasdas,asdasd,asdasd,asdasd,asasd,2024-10-16
90,SARP321,sasasaas,asdasdasd,Engineering,uiibibqblqkwbe,0760710380,asdasd,asdasasd,asdasdad,asdadasd,asdasdas,asdasd,asdasd,asdasd,asasd,2024-10-16
91,SARP222,sasasaas,asdasdasd,Engineering,knasdknalsndlasndlasdlansdl,0760710380,asdasd,asdasasd,asdasdad,asdadasd,asdasdas,asdasd,asdasd,asdasd,asasd,2024-10-16
92,SARP222,sasasaas,asdasdasd,Engineering,qqqqqqqqqqqqqqqqqqqqqq,0760710380,asdasd,asdasasd,asdasdad,asdadasd,asdasdas,asdasd,asdasd,asdasd,asasd,2024-10-16
93,SARP222,sasasaas,asdasdasd,"Agriculture & Livestock",daadsssssssssssssssssssss,0760710380,asdasd,asdasasd,asdasdad,asdadasd,asdasdas,asdasd,asdasd,asdasd,asasd,2024-10-16
94,SARP333,sasasaas,asdasdasd,Engineering,kajbsdkabsd,0760710380,asdasd,asdasasd,asdasdad,asdadasd,asdasdas,asdasd,asdasd,asdasd,asasd,2024-10-16
95,"Ravindu Chamara balasooriya balasooriya",200,"New Kandy Road & Sausiri Uyana, Malabe North, Sri Lanka",Engineering,lll,0782211457,6,2,11,34,Thantimale,"Kardan Kulam",aaa,asd,hjk,2024-10-16
96,"Tharushi Nimesha",997867112V,"492/1,Weboda West , Weboda.",Environment,jhkjkll,0778289132,6,2,28,33,Athakada,"malvatu m̆baya","Nika wewa",ytuy,tytu,2024-10-16
97,SARP123,sasasaas,asdasdasd,Engineering,asdadasdasdasdasdasdasd,0760710380,asdasd,asdasasd,asdasdad,asdadasd,asdasdas,asdasd,asdasd,asdasd,asasd,2024-10-16
98,SARP321,sasasaas,asdasdasd,Engineering,uiibibqblqkwbe,0760710380,asdasd,asdasasd,asdasdad,asdadasd,asdasdas,asdasd,asdasd,asdasd,asasd,2024-10-16
99,SARP222,sasasaas,asdasdasd,Engineering,knasdknalsndlasndlasdlansdl,0760710380,asdasd,asdasasd,asdasdad,asdadasd,asdasdas,asdasd,asdasd,asdasd,asasd,2024-10-16
100,SARP222,sasasaas,asdasdasd,Engineering,qqqqqqqqqqqqqqqqqqqqqq,0760710380,asdasd,asdasasd,asdasdad,asdadasd,asdasdas,asdasd,asdasd,asdasd,asasd,2024-10-16
101,SARP222,sasasaas,asdasdasd,"Agriculture & Livestock",daadsssssssssssssssssssss,0760710380,asdasd,asdasasd,asdasdad,asdadasd,asdasdas,asdasd,asdasd,asdasd,asasd,2024-10-16
102,SARP333,sasasaas,asdasdasd,Engineering,kajbsdkabsd,0760710380,asdasd,asdasasd,asdasdad,asdadasd,asdasdas,asdasd,asdasd,asdasd,asasd,2024-10-16
103,"Ravindu Chamara balasooriya balasooriya",200,"New Kandy Road & Sausiri Uyana, Malabe North, Sri Lanka",Engineering,lll,0782211457,6,2,11,34,Thantimale,"Kardan Kulam",aaa,asd,hjk,2024-10-16
104,"Tharushi Nimesha",997867112V,"492/1,Weboda West , Weboda.",Environment,jhkjkll,0778289132,6,2,28,33,Athakada,"malvatu m̆baya","Nika wewa",ytuy,tytu,2024-10-16
105,SARP123,sasasaas,asdasdasd,Engineering,asdadasdasdasdasdasdasd,0760710380,asdasd,asdasasd,asdasdad,asdadasd,asdasdas,asdasd,asdasd,asdasd,asasd,2024-10-16
106,SARP321,sasasaas,asdasdasd,Engineering,uiibibqblqkwbe,0760710380,asdasd,asdasasd,asdasdad,asdadasd,asdasdas,asdasd,asdasd,asdasd,asasd,2024-10-16
107,SARP222,sasasaas,asdasdasd,Engineering,knasdknalsndlasndlasdlansdl,0760710380,asdasd,asdasasd,asdasdad,asdadasd,asdasdas,asdasd,asdasd,asdasd,asasd,2024-10-16
108,SARP222,sasasaas,asdasdasd,Engineering,qqqqqqqqqqqqqqqqqqqqqq,0760710380,asdasd,asdasasd,asdasdad,asdadasd,asdasdas,asdasd,asdasd,asdasd,asasd,2024-10-16
109,SARP222,sasasaas,asdasdasd,"Agriculture & Livestock",daadsssssssssssssssssssss,0760710380,asdasd,asdasasd,asdasdad,asdadasd,asdasdas,asdasd,asdasd,asdasd,asasd,2024-10-16
110,SARP333,sasasaas,asdasdasd,Engineering,kajbsdkabsd,0760710380,asdasd,asdasasd,asdasdad,asdadasd,asdasdas,asdasd,asdasd,asdasd,asasd,2024-10-16
111,"Ravindu Chamara balasooriya balasooriya",200,"New Kandy Road & Sausiri Uyana, Malabe North, Sri Lanka",Engineering,lll,0782211457,6,2,11,34,Thantimale,"Kardan Kulam",aaa,asd,hjk,2024-10-16
112,"Tharushi Nimesha",997867112V,"492/1,Weboda West , Weboda.",Environment,jhkjkll,0778289132,6,2,28,33,Athakada,"malvatu m̆baya","Nika wewa",ytuy,tytu,2024-10-16
113,SARP123,sasasaas,asdasdasd,Engineering,asdadasdasdasdasdasdasd,0760710380,asdasd,asdasasd,asdasdad,asdadasd,asdasdas,asdasd,asdasd,asdasd,asasd,2024-10-16
114,SARP321,sasasaas,asdasdasd,Engineering,uiibibqblqkwbe,0760710380,asdasd,asdasasd,asdasdad,asdadasd,asdasdas,asdasd,asdasd,asdasd,asasd,2024-10-16
115,SARP222,sasasaas,asdasdasd,Engineering,knasdknalsndlasndlasdlansdl,0760710380,asdasd,asdasasd,asdasdad,asdadasd,asdasdas,asdasd,asdasd,asdasd,asasd,2024-10-16
116,SARP222,sasasaas,asdasdasd,Engineering,qqqqqqqqqqqqqqqqqqqqqq,0760710380,asdasd,asdasasd,asdasdad,asdadasd,asdasdas,asdasd,asdasd,asdasd,asasd,2024-10-16
117,SARP222,sasasaas,asdasdasd,"Agriculture & Livestock",daadsssssssssssssssssssss,0760710380,asdasd,asdasasd,asdasdad,asdadasd,asdasdas,asdasd,asdasd,asdasd,asasd,2024-10-16
118,SARP333,sasasaas,asdasdasd,Engineering,kajbsdkabsd,0760710380,asdasd,asdasasd,asdasdad,asdadasd,asdasdas,asdasd,asdasd,asdasd,asasd,2024-10-16
119,"Ravindu Chamara balasooriya balasooriya",200,"New Kandy Road & Sausiri Uyana, Malabe North, Sri Lanka",Engineering,lll,0782211457,6,2,11,34,Thantimale,"Kardan Kulam",aaa,asd,hjk,2024-10-16
120,"Tharushi Nimesha",997867112V,"492/1,Weboda West , Weboda.",Environment,jhkjkll,0778289132,6,2,28,33,Athakada,"malvatu m̆baya","Nika wewa",ytuy,tytu,2024-10-16
121,SARP123,sasasaas,asdasdasd,Engineering,asdadasdasdasdasdasdasd,0760710380,asdasd,asdasasd,asdasdad,asdadasd,asdasdas,asdasd,asdasd,asdasd,asasd,2024-10-16
122,SARP321,sasasaas,asdasdasd,Engineering,uiibibqblqkwbe,0760710380,asdasd,asdasasd,asdasdad,asdadasd,asdasdas,asdasd,asdasd,asdasd,asasd,2024-10-16
123,SARP222,sasasaas,asdasdasd,Engineering,knasdknalsndlasndlasdlansdl,0760710380,asdasd,asdasasd,asdasdad,asdadasd,asdasdas,asdasd,asdasd,asdasd,asasd,2024-10-16
124,SARP222,sasasaas,asdasdasd,Engineering,qqqqqqqqqqqqqqqqqqqqqq,0760710380,asdasd,asdasasd,asdasdad,asdadasd,asdasdas,asdasd,asdasd,asdasd,asasd,2024-10-16
125,SARP222,sasasaas,asdasdasd,"Agriculture & Livestock",daadsssssssssssssssssssss,0760710380,asdasd,asdasasd,asdasdad,asdadasd,asdasdas,asdasd,asdasd,asdasd,asasd,2024-10-16
126,SARP333,sasasaas,asdasdasd,Engineering,kajbsdkabsd,0760710380,asdasd,asdasasd,asdasdad,asdadasd,asdasdas,asdasd,asdasd,asdasd,asasd,2024-10-16
127,"Ravindu Chamara balasooriya balasooriya",200,"New Kandy Road & Sausiri Uyana, Malabe North, Sri Lanka",Engineering,lll,0782211457,6,2,11,34,Thantimale,"Kardan Kulam",aaa,asd,hjk,2024-10-16
128,"Tharushi Nimesha",997867112V,"492/1,Weboda West , Weboda.",Environment,jhkjkll,0778289132,6,2,28,33,Athakada,"malvatu m̆baya","Nika wewa",ytuy,tytu,2024-10-16
